{
  "operator": {
    "type": "tflite",
    "model": "model.tflite",
    "input": {
      "name": "serving_default_input:0",
      "shape": [
        1,
        320,
        320,
        3
      ],
      "dtype": "uint8",
      "format": "RGB"
    },
    "output": {
      "name": "StatefulPartitionedCall_1:0",
      "shape": [
        1,
        6300,
        7
      ],
      "dtype": "float32"
    }
  },
  "postprocess": {
    "type": "object_detection",
    "confidence_threshold": 0.5,
    "nms_threshold": 0.45,
    "output_format": "yxyx",
    "labels": [
      "balloon"
    ]
  }
}